{
  "ds1000::case296": {
    "name": "ds1000::case296.py",
    "stark_proving_time": 5.0976207733154295,
    "stark_verify_time": 1.3194256067276
  },
  "ds1000::case309": {
    "name": "ds1000::case309.py",
    "stark_proving_time": 4.919053649902343,
    "stark_verify_time": 1.3407504081726074
  },
  "ds1000::case360": {
    "name": "ds1000::case360.py",
    "stark_proving_time": 4.725110697746277,
    "stark_verify_time": 1.3944546461105347
  },
  "ds1000::case387": {
    "name": "ds1000::case387.py",
    "stark_proving_time": 4.525891518592834,
    "stark_verify_time": 1.3803787231445312
  },
  "ds1000::case501": {
    "name": "ds1000::case501.py",
    "stark_proving_time": 4.713812708854675,
    "stark_verify_time": 1.315576434135437
  },
  "ds1000::case510": {
    "name": "ds1000::case510.py",
    "stark_proving_time": 4.678919720649719,
    "stark_verify_time": 1.3183055877685548
  },
  "leetcode_array::p204": {
    "name": "leetcode_array::p204.py",
    "stark_proving_time": 35.95148942470551,
    "stark_verify_time": 1.320946216583252
  },
  "leetcode_array::p832": {
    "name": "leetcode_array::p832.py",
    "stark_proving_time": 4.870615887641907,
    "stark_verify_time": 1.374224638938904
  },
  "leetcode_dp::p740": {
    "name": "leetcode_dp::p740.py",
    "stark_proving_time": 4.900754165649414,
    "stark_verify_time": 1.3476534605026245
  },
  "leetcode_dp::p1137": {
    "name": "leetcode_dp::p1137.py",
    "stark_proving_time": 4.887607097625732,
    "stark_verify_time": 1.3762947559356689
  },
  "leetcode_graph::p3112": {
    "name": "leetcode_graph::p3112.py",
    "stark_proving_time": 6.68878402709961,
    "stark_verify_time": 1.3146071910858155
  },
  "leetcode_graph::p997": {
    "name": "leetcode_graph::p997.py",
    "stark_proving_time": 5.5254748344421385,
    "stark_verify_time": 1.3539100885391235
  },
  "leetcode_math::p492": {
    "name": "leetcode_math::p492.py",
    "stark_proving_time": 5.54144515991211,
    "stark_verify_time": 1.351207399368286
  },
  "leetcode_math::p2125": {
    "name": "leetcode_math::p2125.py",
    "stark_proving_time": 5.959595012664795,
    "stark_verify_time": 1.3469417333602904
  },
  "leetcode_matrix::p73": {
    "name": "leetcode_matrix::p73.py",
    "stark_proving_time": 5.3592441320419315,
    "stark_verify_time": 1.3117922782897948
  },
  "leetcode_matrix::p2133": {
    "name": "leetcode_matrix::p2133.py",
    "stark_proving_time": 5.6127431154251095,
    "stark_verify_time": 1.4039639949798584
  },
  "crypt::poseidon": {
    "name": "crypt::poseidon.py",
    "stark_proving_time": 5.501349067687988,
    "stark_verify_time": 1.464299249649048
  }
}