{
  "ds1000::case296": {
    "name": "ds1000::case296.py",
    "stark_proving_time": 5.0976207733154295,
    "stark_verify_time": 1.3194256067276
  },
  "ds1000::case309": {
    "name": "ds1000::case309.py",
    "stark_proving_time": 4.919053649902343,
    "stark_verify_time": 1.3407504081726074
  },
  "ds1000::case360": {
    "name": "ds1000::case360.py",
    "stark_proving_time": 4.725110697746277,
    "stark_verify_time": 1.3944546461105347
  },
  "ds1000::case387": {
    "name": "ds1000::case387.py",
    "stark_proving_time": 4.525891518592834,
    "stark_verify_time": 1.3803787231445312
  },
  "ds1000::case501": {
    "name": "ds1000::case501.py",
    "stark_proving_time": 4.713812708854675,
    "stark_verify_time": 1.315576434135437
  },
  "ds1000::case510": {
    "name": "ds1000::case510.py",
    "stark_proving_time": 4.678919720649719,
    "stark_verify_time": 1.3183055877685548
  },
  "leetcode_array::p204": {
    "name": "leetcode_array::p204.py",
    "stark_proving_time": 35.95148942470551,
    "stark_verify_time": 1.320946216583252
  },
  "leetcode_array::p832": {
    "name": "leetcode_array::p832.py",
    "stark_proving_time": 4.870615887641907,
    "stark_verify_time": 1.374224638938904
  },
  "leetcode_dp::p740": {
    "name": "leetcode_dp::p740.py",
    "stark_proving_time": 4.900754165649414,
    "stark_verify_time": 1.3476534605026245
  },
  "leetcode_dp::p1137": {
    "name": "leetcode_dp::p1137.py",
    "stark_proving_time": 4.887607097625732,
    "stark_verify_time": 1.3762947559356689
  },
  "leetcode_graph::p3112": {
    "name": "leetcode_graph::p3112.py",
    "stark_proving_time": 6.68878402709961,
    "stark_verify_time": 1.3146071910858155
  },
  "leetcode_graph::p997": {
    "name": "leetcode_graph::p997.py",
    "stark_proving_time": 5.5254748344421385,
    "stark_verify_time": 1.3539100885391235
  },
  "leetcode_math::p492": {
    "name": "leetcode_math::p492.py",
    "stark_proving_time": 4.841153836250305,
    "stark_verify_time": 1.3458142518997191
  },
  "leetcode_math::p2125": {
    "name": "leetcode_math::p2125.py",
    "stark_proving_time": 5.959595012664795,
    "stark_verify_time": 1.3469417333602904
  },
  "leetcode_matrix::p73": {
    "name": "leetcode_matrix::p73.py",
    "stark_proving_time": 5.3592441320419315,
    "stark_verify_time": 1.3117922782897948
  },
  "leetcode_matrix::p2133": {
    "name": "leetcode_matrix::p2133.py",
    "stark_proving_time": 5.6127431154251095,
    "stark_verify_time": 1.4039639949798584
  },
  "crypt::poseidon": {
    "name": "crypt::poseidon.py",
    "stark_proving_time": 5.501349067687988,
    "stark_verify_time": 1.464299249649048
  },
  "ds1000::case295": {
    "name": "ds1000::case295.py",
    "stark_proving_time": 4.720221304893494,
    "stark_verify_time": 1.3164377689361573
  },
  "ds1000::case297": {
    "name": "ds1000::case297.py",
    "stark_proving_time": 4.594808316230774,
    "stark_verify_time": 1.394890594482422
  },
  "ds1000::case299": {
    "name": "ds1000::case299.py",
    "stark_proving_time": 4.680145287513733,
    "stark_verify_time": 1.3137831926345824
  },
  "ds1000::case301": {
    "name": "ds1000::case301.py",
    "stark_proving_time": 4.519581747055054,
    "stark_verify_time": 1.3371949672698975
  },
  "ds1000::case302": {
    "name": "ds1000::case302.py",
    "stark_proving_time": 4.56385350227356,
    "stark_verify_time": 1.3385166645050048
  },
  "ds1000::case303": {
    "name": "ds1000::case303.py",
    "stark_proving_time": 4.5531728029251095,
    "stark_verify_time": 1.333926796913147
  },
  "ds1000::case304": {
    "name": "ds1000::case304.py",
    "stark_proving_time": 4.559358620643616,
    "stark_verify_time": 1.3503266334533692
  },
  "ds1000::case310": {
    "name": "ds1000::case310.py",
    "stark_proving_time": 4.83079354763031,
    "stark_verify_time": 1.3369099140167235
  },
  "ds1000::case313": {
    "name": "ds1000::case313.py",
    "stark_proving_time": 4.492034244537353,
    "stark_verify_time": 1.395921277999878
  },
  "ds1000::case318": {
    "name": "ds1000::case318.py",
    "stark_proving_time": 4.8152806758880615,
    "stark_verify_time": 1.315915083885193
  },
  "ds1000::case319": {
    "name": "ds1000::case319.py",
    "stark_proving_time": 4.515584826469421,
    "stark_verify_time": 1.3932716131210328
  },
  "ds1000::case322": {
    "name": "ds1000::case322.py",
    "stark_proving_time": 4.569771885871887,
    "stark_verify_time": 1.3139814138412476
  },
  "ds1000::case329": {
    "name": "ds1000::case329.py",
    "stark_proving_time": 4.685211420059204,
    "stark_verify_time": 1.3706555843353272
  },
  "ds1000::case335": {
    "name": "ds1000::case335.py",
    "stark_proving_time": 4.698236393928528,
    "stark_verify_time": 1.3714200258255005
  },
  "ds1000::case336": {
    "name": "ds1000::case336.py",
    "stark_proving_time": 4.4494168043136595,
    "stark_verify_time": 1.3695012092590333
  },
  "ds1000::case337": {
    "name": "ds1000::case337.py",
    "stark_proving_time": 4.698003029823303,
    "stark_verify_time": 1.3425163507461548
  },
  "ds1000::case338": {
    "name": "ds1000::case338.py",
    "stark_proving_time": 4.6054281234741214,
    "stark_verify_time": 1.3691235542297364
  },
  "ds1000::case339": {
    "name": "ds1000::case339.py",
    "stark_proving_time": 4.656304383277893,
    "stark_verify_time": 1.3834012269973754
  },
  "ds1000::case353": {
    "name": "ds1000::case353.py",
    "stark_proving_time": 4.657357978820801,
    "stark_verify_time": 1.4067737579345703
  },
  "ds1000::case354": {
    "name": "ds1000::case354.py",
    "stark_proving_time": 4.7537909030914305,
    "stark_verify_time": 1.3242302894592286
  },
  "ds1000::case368": {
    "name": "ds1000::case368.py",
    "stark_proving_time": 4.686435675621032,
    "stark_verify_time": 1.3636877536773682
  },
  "ds1000::case369": {
    "name": "ds1000::case369.py",
    "stark_proving_time": 4.651572203636169,
    "stark_verify_time": 1.3339125394821167
  },
  "ds1000::case370": {
    "name": "ds1000::case370.py",
    "stark_proving_time": 4.629554271697998,
    "stark_verify_time": 1.3459627866744994
  },
  "ds1000::case385": {
    "name": "ds1000::case385.py",
    "stark_proving_time": 4.818103909492493,
    "stark_verify_time": 1.3661917686462401
  },
  "ds1000::case388": {
    "name": "ds1000::case388.py",
    "stark_proving_time": 4.712713456153869,
    "stark_verify_time": 1.338774824142456
  },
  "ds1000::case389": {
    "name": "ds1000::case389.py",
    "stark_proving_time": 4.691632676124573,
    "stark_verify_time": 1.3450008630752563
  },
  "ds1000::case390": {
    "name": "ds1000::case390.py",
    "stark_proving_time": 4.6767947435379025,
    "stark_verify_time": 1.308448076248169
  },
  "ds1000::case391": {
    "name": "ds1000::case391.py",
    "stark_proving_time": 4.646676301956177,
    "stark_verify_time": 1.3077051162719726
  },
  "ds1000::case392": {
    "name": "ds1000::case392.py",
    "stark_proving_time": 4.631415438652039,
    "stark_verify_time": 1.3352558612823486
  },
  "ds1000::case393": {
    "name": "ds1000::case393.py",
    "stark_proving_time": 4.7284224271774296,
    "stark_verify_time": 1.309560775756836
  },
  "ds1000::case406": {
    "name": "ds1000::case406.py",
    "stark_proving_time": 4.649374461174011,
    "stark_verify_time": 1.3037307739257813
  },
  "ds1000::case407": {
    "name": "ds1000::case407.py",
    "stark_proving_time": 4.820625829696655,
    "stark_verify_time": 1.3348577976226808
  },
  "ds1000::case408": {
    "name": "ds1000::case408.py",
    "stark_proving_time": 4.833939743041992,
    "stark_verify_time": 1.3392429113388062
  },
  "ds1000::case409": {
    "name": "ds1000::case409.py",
    "stark_proving_time": 4.786995768547058,
    "stark_verify_time": 1.3368311882019044
  },
  "ds1000::case415": {
    "name": "ds1000::case415.py",
    "stark_proving_time": 4.815094447135925,
    "stark_verify_time": 1.3382177829742432
  },
  "ds1000::case433": {
    "name": "ds1000::case433.py",