{
  "mlalgo::neuron": {
    "zinnia": {
      "name": "mlalgo::neuron.py",
      "proving_time": 1.6060265279000003,
      "snark_size": 12156,
      "advice_cells": 414320,
      "fixed_cells": 39,
      "range_check_advice_cells": 109482,
      "verify_time": 0.005851106299999999
    },
    "halo2": {
      "name": "mlalgo::neuron.rs",
      "proving_time": 1.8410703802999997,
      "snark_size": 10992,
      "advice_cells": 380900,
      "fixed_cells": 39,
      "range_check_advice_cells": 97890,
      "verify_time": 0.0053452201999999996
    },
    "zinnia_compile_time": 0.6457055568695068
  },
  "mlalgo::kmeans": {
    "zinnia": {
      "name": "mlalgo::kmeans.py",
      "proving_time": 1.3232171526999998,
      "snark_size": 10992,
      "advice_cells": 382556,
      "fixed_cells": 45,
      "range_check_advice_cells": 104420,
      "verify_time": 0.005715848799999999
    },
    "halo2": {
      "name": "mlalgo::kmeans.rs",
      "proving_time": 1.3259501181,
      "snark_size": 10992,
      "advice_cells": 354413,
      "fixed_cells": 45,
      "range_check_advice_cells": 99820,
      "verify_time": 0.0056293118999999996
    },
    "zinnia_compile_time": 0.7010643482208252
  },
  "mlalgo::linear_regression": {
    "zinnia": {
      "name": "mlalgo::linear_regression.py",
      "proving_time": 4.316908216,
      "snark_size": 41676,
      "advice_cells": 1710197,
      "fixed_cells": 46,
      "range_check_advice_cells": 519450,
      "verify_time": 0.011204322
    },
    "halo2": {
      "name": "mlalgo::linear_regression.rs",
      "proving_time": 5.557473500399999,
      "snark_size": 54336,
      "advice_cells": 2256351,
      "fixed_cells": 46,
      "range_check_advice_cells": 690151,
      "verify_time": 0.013484765999999999
    },
    "zinnia_compile_time": 0.289139461517334
  },
  "leetcode_array::p204": {
    "zinnia": {
      "name": "leetcode_array::p204.py",
      "proving_time": 0.8195517768,
      "snark_size": 5676,
      "advice_cells": 65526,
      "fixed_cells": 1023,
      "range_check_advice_cells": 46,
      "verify_time": 0.0039380519
    },
    "halo2": {
      "name": "leetcode_array::p204.rs",
      "proving_time": 0.8301852364,
      "snark_size": 5676,
      "advice_cells": 108756,
      "fixed_cells": 1023,
      "range_check_advice_cells": 46,
      "verify_time": 0.0037583835000000003
    },
    "zinnia_compile_time": 24.445917201042175
  },
  "leetcode_array::p832": {
    "zinnia": {
      "name": "leetcode_array::p832.py",
      "proving_time": 0.46275641789999994,
      "snark_size": 3276,
      "advice_cells": 11400,
      "fixed_cells": 11,
      "range_check_advice_cells": 0,
      "verify_time": 0.0028498194
    },
    "halo2": {
      "name": "leetcode_array::p832.rs",
      "proving_time": 0.4613574166,
      "snark_size": 3276,
      "advice_cells": 8200,
      "fixed_cells": 2,
      "range_check_advice_cells": 0,
      "verify_time": 0.0028660321
    },
    "zinnia_compile_time": 0.26995177268981935
  },
  "leetcode_dp::p740": {
    "zinnia": {
      "name": "leetcode_dp::p740.py",
      "proving_time": 0.6716659767,
      "snark_size": 3844,
      "advice_cells": 18411,
      "fixed_cells": 44,
      "range_check_advice_cells": 1403,
      "verify_time": 0.0033877514000000006
    },
    "halo2": {
      "name": "leetcode_dp::p740.rs",
      "proving_time": 0.6722542614,
      "snark_size": 3844,
      "advice_cells": 15385,
      "fixed_cells": 44,
      "range_check_advice_cells": 1403,
      "verify_time": 0.0034286096
    },
    "zinnia_compile_time": 0.0472299337387085
  },
  "leetcode_dp::p1137": {
    "zinnia": {
      "name": "leetcode_dp::p1137.py",
      "proving_time": 0.46005541980000003,
      "snark_size": 3276,
      "advice_cells": 5230,
      "fixed_cells": 101,
      "range_check_advice_cells": 0,
      "verify_time": 0.0027490492999999996
    },
    "halo2": {
      "name": "leetcode_dp::p1137.rs",
      "proving_time": 0.4620404067,
      "snark_size": 3276,
      "advice_cells": 4425,
      "fixed_cells": 101,
      "range_check_advice_cells": 0,
      "verify_time": 0.0028013529000000003
    },
    "zinnia_compile_time": 0.020330142974853516
  },
  "leetcode_graph::p3112": {
    "zinnia": {
      "name": "leetcode_graph::p3112.py",
      "proving_time": 0.8751149755000001,
      "snark_size": 6384,
      "advice_cells": 156060,
      "fixed_cells": 25,
      "range_check_advice_cells": 23230,
      "verify_time": 0.0042507021999999995
    },
    "halo2": {
      "name": "leetcode_graph::p3112.rs",
      "proving_time": 0.8575255824999999,
      "snark_size": 6384,
      "advice_cells": 139985,
      "fixed_cells": 25,
      "range_check_advice_cells": 23230,
      "verify_time": 0.0041496113
    },
    "zinnia_compile_time": 2.597678852081299
  },
  "leetcode_graph::p997": {
    "zinnia": {
      "name": "leetcode_graph::p997.py",
      "proving_time": 0.4592366501,
      "snark_size": 3276,
      "advice_cells": 11701,
      "fixed_cells": 10,
      "range_check_advice_cells": 0,
      "verify_time": 0.0029294114000000004
    },
    "halo2": {
      "name": "leetcode_graph::p997.rs",
      "proving_time": 0.4576615994,
      "snark_size": 3276,
      "advice_cells": 10101,
      "fixed_cells": 10,
      "range_check_advice_cells": 0,
      "verify_time": 0.0029677856000000003
    },
    "zinnia_compile_time": 0.09500281810760498
  },
  "leetcode_math::p492": {
    "zinnia": {
      "name": "leetcode_math::p492.py",
      "proving_time": 1.8515960695,
      "snark_size": 16764,
      "advice_cells": 650645,
      "fixed_cells": 1026,
      "range_check_advice_cells": 184184,
      "verify_time": 0.006537150400000001
    },
    "halo2": {
      "name": "leetcode_math::p492.rs",
      "proving_time": 1.8449982521,
      "snark_size": 16764,
      "advice_cells": 643647,
      "fixed_cells": 1026,
      "range_check_advice_cells": 184184,
      "verify_time": 0.0065640434
    },
    "zinnia_compile_time": 0.22084298133850097
  },
  "leetcode_math::p2125": {
    "zinnia": {
      "name": "leetcode_math::p2125.py",
      "proving_time": 0.8137996138,
      "snark_size": 5676,
      "advice_cells": 85976,
      "fixed_cells": 28,
      "range_check_advice_cells": 14375,
      "verify_time": 0.0039519246
    },
    "halo2": {
      "name": "leetcode_math::p2125.rs",
      "proving_time": 0.8286362221999999,
      "snark_size": 5676,
      "advice_cells": 80039,
      "fixed_cells": 28,
      "range_check_advice_cells": 14375,
      "verify_time": 0.003983297500000001
    },
    "zinnia_compile_time": 0.5764173030853271
  },
  "leetcode_matrix::p73": {
    "zinnia": {
      "name": "leetcode_matrix::p73.py",
      "proving_time": 0.4546149316,
      "snark_size": 3276,
      "advice_cells": 30240,
      "fixed_cells": 2,
      "range_check_advice_cells": 0,
      "verify_time": 0.0029782013
    },
    "halo2": {
      "name": "leetcode_matrix::p73.rs",
      "proving_time": 0.4653836611,
      "snark_size": 3276,
      "advice_cells": 41440,
      "fixed_cells": 2,
      "range_check_advice_cells": 0,
      "verify_time": 0.0030271803
    },
    "zinnia_compile_time": 0.17565078735351564
  },
  "leetcode_matrix::p2133": {
    "zinnia": {
      "name": "leetcode_matrix::p2133.py",
      "proving_time": 0.6781824567,
      "snark_size": 3844,
      "advice_cells": 21085,
      "fixed_cells": 26,
      "range_check_advice_cells": 4646,
      "verify_time": 0.0035092885
    },
    "halo2": {
      "name": "leetcode_matrix::p2133.rs",
      "proving_time": 0.6781609418000001,
      "snark_size": 3844,
      "advice_cells": 19701,
      "fixed_cells": 122,
      "range_check_advice_cells": 4600,
      "verify_time": 0.0035478766000000004
    },
    "zinnia_compile_time": 0.015487456321716308
  },
  "ds1000::case296": {
    "zinnia": {
      "name": "ds1000::case296.py",
      "proving_time": 0.45716092939999997,
      "snark_size": 3276,
      "advice_cells": 687,
      "fixed_cells": 4,