{
  "mlalgo::neuron": {
    "name": "mlalgo::neuron.py",
    "stark_proving_time": 15.178700000000003,
    "snark_proving_time": 186.0965,
    "snark_size": 3782,
    "stark_size": 1799784,
    "stark_verify_time": 0.1622,
    "snark_verify_time": 1.0763
  },
  "mlalgo::kmeans": {
    "name": "mlalgo::kmeans.py",
    "stark_proving_time": 28.275300000000005,
    "snark_proving_time": 192.4542,
    "snark_size": 3782,
    "stark_size": 1875816,
    "stark_verify_time": 0.16040000000000001,
    "snark_verify_time": 0.9831
  },
  "mlalgo::linear_regression": {
    "name": "mlalgo::linear_regression.py",
    "stark_proving_time": 41.932599999999994,
    "snark_proving_time": 187.98730000000003,
    "snark_size": 3780,
    "stark_size": 1955048,
    "stark_verify_time": 0.16699999999999998,
    "snark_verify_time": 0.9482999999999999
  },
  "leetcode_array::p204": {
    "name": "leetcode_array::p204.py",
    "stark_proving_time": 8.3965,
    "snark_proving_time": 147.8549,
    "snark_size": 3780,
    "stark_size": 1799784,
    "stark_verify_time": 0.1557,
    "snark_verify_time": 0.7140000000000002
  },
  "leetcode_array::p832": {
    "name": "leetcode_array::p832.py",
    "stark_proving_time": 7.435599999999999,
    "snark_proving_time": 146.991,
    "snark_size": 3782,
    "stark_size": 1799784,
    "stark_verify_time": 0.1547,
    "snark_verify_time": 0.6525999999999998
  },
  "leetcode_dp::p740": {
    "name": "leetcode_dp::p740.py",
    "stark_proving_time": 7.409700000000001,
    "snark_proving_time": 146.6191,
    "snark_size": 3782,
    "stark_size": 1799784,
    "stark_verify_time": 0.15430000000000002,
    "snark_verify_time": 0.7281
  },
  "leetcode_dp::p1137": {
    "name": "leetcode_dp::p1137.py",
    "stark_proving_time": 7.294700000000001,
    "snark_proving_time": 146.0207,
    "snark_size": 3782,
    "stark_size": 1799784,
    "stark_verify_time": 0.15339999999999998,
    "snark_verify_time": 0.7777999999999999
  },
  "leetcode_graph::p3112": {
    "name": "leetcode_graph::p3112.py",
    "stark_proving_time": 7.401499999999999,
    "snark_proving_time": 145.53580000000002,
    "snark_size": 3781,
    "stark_size": 1799784,
    "stark_verify_time": 0.1535,
    "snark_verify_time": 0.5807
  },
  "leetcode_graph::p997": {
    "name": "leetcode_graph::p997.py",
    "stark_proving_time": 7.2288,
    "snark_proving_time": 145.94989999999999,
    "snark_size": 3782,
    "stark_size": 1799784,
    "stark_verify_time": 0.15489999999999998,
    "snark_verify_time": 0.6927000000000001
  },
  "leetcode_math::p492": {
    "name": "leetcode_math::p492.py",
    "stark_proving_time": 7.309899999999999,
    "snark_proving_time": 146.25860000000003,
    "snark_size": 3782,
    "stark_size": 1799784,
    "stark_verify_time": 0.15519999999999998,
    "snark_verify_time": 0.5944
  },
  "leetcode_math::p2125": {
    "name": "leetcode_math::p2125.py",
    "stark_proving_time": 7.3803,
    "snark_proving_time": 146.48420000000002,
    "snark_size": 3782,
    "stark_size": 1799784,
    "stark_verify_time": 0.15249999999999997,
    "snark_verify_time": 0.6587000000000001
  },
  "leetcode_matrix::p73": {
    "name": "leetcode_matrix::p73.py",
    "stark_proving_time": 7.387199999999998,
    "snark_proving_time": 145.9504,
    "snark_size": 3782,
    "stark_size": 1799784,
    "stark_verify_time": 0.1534,
    "snark_verify_time": 0.6548
  },
  "leetcode_matrix::p2133": {
    "name": "leetcode_matrix::p2133.py",
    "stark_proving_time": 7.377800000000001,
    "snark_proving_time": 146.19209999999998,
    "snark_size": 3782,
    "stark_size": 1799784,
    "stark_verify_time": 0.1535,
    "snark_verify_time": 0.5780000000000001
  },
  "ds1000::case296": {
    "name": "ds1000::case296.py",
    "stark_proving_time": 7.356400000000001,
    "snark_proving_time": 147.61110000000002,
    "snark_size": 3782,
    "stark_size": 1799784,
    "stark_verify_time": 0.1542,
    "snark_verify_time": 0.6912
  },
  "ds1000::case309": {
    "name": "ds1000::case309.py",
    "stark_proving_time": 7.323300000000001,
    "snark_proving_time": 148.08440000000002,
    "snark_size": 3782,
    "stark_size": 1799784,
    "stark_verify_time": 0.1533,
    "snark_verify_time": 0.6597
  },
  "ds1000::case330": {
    "name": "ds1000::case330.py",
    "stark_proving_time": 7.429900000000001,
    "snark_proving_time": 148.12709999999998,
    "snark_size": 3782,
    "stark_size": 1799784,
    "stark_verify_time": 0.15330000000000002,
    "snark_verify_time": 0.6648
  },
  "ds1000::case360": {
    "name": "ds1000::case360.py",
    "stark_proving_time": 7.4711,
    "snark_proving_time": 146.53939999999997,
    "snark_size": 3782,
    "stark_size": 1799784,
    "stark_verify_time": 0.1523,
    "snark_verify_time": 0.7338
  },
  "ds1000::case387": {
    "name": "ds1000::case387.py",
    "stark_proving_time": 7.143100000000001,
    "snark_proving_time": 147.46840000000003,
    "snark_size": 3782,
    "stark_size": 1799784,
    "stark_verify_time": 0.15460000000000002,
    "snark_verify_time": 0.6702
  },
  "ds1000::case418": {
    "name": "ds1000::case418.py",
    "stark_proving_time": 7.3307,
    "snark_proving_time": 147.4116,
    "snark_size": 3782,
    "stark_size": 1799784,
    "stark_verify_time": 0.15489999999999998,
    "snark_verify_time": 0.8097999999999999
  },
  "ds1000::case453": {
    "name": "ds1000::case453.py",
    "stark_proving_time": 7.4592,
    "snark_proving_time": 146.8805,
    "snark_size": 3782,
    "stark_size": 1799784,
    "stark_verify_time": 0.15609999999999996,
    "snark_verify_time": 0.6837
  },
  "ds1000::case459": {
    "name": "ds1000::case459.py",
    "stark_proving_time": 7.3479,
    "snark_proving_time": 146.59799999999996,
    "snark_size": 3782,
    "stark_size": 1799784,
    "stark_verify_time": 0.1513,
    "snark_verify_time": 0.5806
  },
  "ds1000::case501": {
    "name": "ds1000::case501.py",
    "stark_proving_time": 7.244200000000001,
    "snark_proving_time": 146.76930000000002,
    "snark_size": 3782,
    "stark_size": 1799784,
    "stark_verify_time": 0.1537,
    "snark_verify_time": 0.7620000000000001
  },
  "ds1000::case510": {
    "name": "ds1000::case510.py",
    "stark_proving_time": 7.2528999999999995,
    "snark_proving_time": 146.52429999999998,
    "snark_size": 3782,
    "stark_size": 1799784,
    "stark_verify_time": 0.1525,
    "snark_verify_time": 0.6126000000000001
  }
}