{
  "ds1000::case501": {
    "name": "ds1000::case501.py",
    "stark_proving_time": 4.713812708854675,
    "stark_verify_time": 1.315576434135437
  },
  "leetcode_array::p204": {
    "name": "leetcode_array::p204.py",
    "stark_proving_time": 35.95148942470551,
    "stark_verify_time": 1.320946216583252
  },
  "leetcode_array::p832": {
    "name": "leetcode_array::p832.py",
    "stark_proving_time": 4.870615887641907,
    "stark_verify_time": 1.374224638938904
  },
  "leetcode_dp::p740": {
    "name": "leetcode_dp::p740.py",
    "stark_proving_time": 4.900754165649414,
    "stark_verify_time": 1.3476534605026245
  },
  "leetcode_dp::p1137": {
    "name": "leetcode_dp::p1137.py",
    "stark_proving_time": 4.887607097625732,
    "stark_verify_time": 1.3762947559356689
  },
  "leetcode_graph::p3112": {
    "name": "leetcode_graph::p3112.py",
    "stark_proving_time": 6.68878402709961,
    "stark_verify_time": 1.3146071910858155
  },
  "leetcode_graph::p997": {
    "name": "leetcode_graph::p997.py",
    "stark_proving_time": 5.5254748344421385,
    "stark_verify_time": 1.3539100885391235
  },
  "leetcode_math::p492": {
    "name": "leetcode_math::p492.py",
    "stark_proving_time": 4.841153836250305,
    "stark_verify_time": 1.3458142518997191
  },
  "leetcode_math::p2125": {
    "name": "leetcode_math::p2125.py",
    "stark_proving_time": 5.959595012664795,
    "stark_verify_time": 1.3469417333602904
  },
  "leetcode_matrix::p73": {
    "name": "leetcode_matrix::p73.py",
    "stark_proving_time": 5.3592441320419315,
    "stark_verify_time": 1.3117922782897948
  },
  "leetcode_matrix::p2133": {
    "name": "leetcode_matrix::p2133.py",
    "stark_proving_time": 5.6127431154251095,
    "stark_verify_time": 1.4039639949798584
  },
  "crypt::poseidon": {
    "name": "crypt::poseidon.py",
    "stark_proving_time": 5.501349067687988,
    "stark_verify_time": 1.464299249649048
  },
  "ds1000::case295": {
    "name": "ds1000::case295.py",
    "stark_proving_time": 4.720221304893494,
    "stark_verify_time": 1.3164377689361573
  },
  "ds1000::case299": {
    "name": "ds1000::case299.py",
    "stark_proving_time": 4.680145287513733,
    "stark_verify_time": 1.3137831926345824
  },
  "ds1000::case310": {
    "name": "ds1000::case310.py",
    "stark_proving_time": 4.83079354763031,
    "stark_verify_time": 1.3369099140167235
  },
  "ds1000::case318": {
    "name": "ds1000::case318.py",
    "stark_proving_time": 4.8152806758880615,
    "stark_verify_time": 1.315915083885193
  },
  "ds1000::case319": {
    "name": "ds1000::case319.py",
    "stark_proving_time": 4.515584826469421,
    "stark_verify_time": 1.3932716131210328
  },
  "ds1000::case322": {
    "name": "ds1000::case322.py",
    "stark_proving_time": 4.569771885871887,
    "stark_verify_time": 1.3139814138412476
  },
  "ds1000::case329": {
    "name": "ds1000::case329.py",
    "stark_proving_time": 4.685211420059204,
    "stark_verify_time": 1.3706555843353272
  },
  "ds1000::case353": {
    "name": "ds1000::case353.py",
    "stark_proving_time": 4.657357978820801,
    "stark_verify_time": 1.4067737579345703
  },
  "ds1000::case354": {
    "name": "ds1000::case354.py",
    "stark_proving_time": 4.7537909030914305,
    "stark_verify_time": 1.3242302894592286
  },
  "ds1000::case368": {
    "name": "ds1000::case368.py",
    "stark_proving_time": 4.686435675621032,
    "stark_verify_time": 1.3636877536773682
  },
  "ds1000::case370": {
    "name": "ds1000::case370.py",
    "stark_proving_time": 4.629554271697998,
    "stark_verify_time": 1.3459627866744994
  },
  "ds1000::case390": {
    "name": "ds1000::case390.py",
    "stark_proving_time": 4.6767947435379025,
    "stark_verify_time": 1.308448076248169
  },
  "ds1000::case391": {
    "name": "ds1000::case391.py",
    "stark_proving_time": 4.646676301956177,
    "stark_verify_time": 1.3077051162719726
  },
  "ds1000::case392": {
    "name": "ds1000::case392.py",
    "stark_proving_time": 4.631415438652039,
    "stark_verify_time": 1.3352558612823486
  },
  "ds1000::case406": {
    "name": "ds1000::case406.py",
    "stark_proving_time": 4.649374461174011,
    "stark_verify_time": 1.3037307739257813
  },
  "ds1000::case407": {
    "name": "ds1000::case407.py",
    "stark_proving_time": 4.820625829696655,
    "stark_verify_time": 1.3348577976226808
  },
  "ds1000::case409": {
    "name": "ds1000::case409.py",
    "stark_proving_time": 4.786995768547058,
    "stark_verify_time": 1.3368311882019044
  },
  "ds1000::case433": {
    "name": "ds1000::case433.py",
    "stark_proving_time": 4.628533911705017,
    "stark_verify_time": 1.3668182134628295
  },
  "ds1000::case434": {
    "name": "ds1000::case434.py",
    "stark_proving_time": 4.927882790565491,
    "stark_verify_time": 1.3401190042495728
  },
  "ds1000::case435": {
    "name": "ds1000::case435.py",
    "stark_proving_time": 4.690571570396424,
    "stark_verify_time": 1.3400235652923584
  },
  "ds1000::case441": {
    "name": "ds1000::case441.py",
    "stark_proving_time": 4.690924835205078,
    "stark_verify_time": 1.3315537691116333
  },
  "ds1000::case480": {
    "name": "ds1000::case480.py",
    "stark_proving_time": 4.814978909492493,
    "stark_verify_time": 1.3625588178634644
  },
  "ds1000::case507": {
    "name": "ds1000::case507.py",
    "stark_proving_time": 4.662906169891357,
    "stark_verify_time": 1.390942668914795
  },
  "ds1000::case335.py": {
    "name": "ds1000::case335.py",
    "stark_proving_time": 4.459289526939392,
    "stark_verify_time": 1.4387248277664184
  },
  "ds1000::case336.py": {
    "name": "ds1000::case336.py",
    "stark_proving_time": 4.470604300498962,
    "stark_verify_time": 1.3752735376358032
  },
  "ds1000::case337.py": {
    "name": "ds1000::case337.py",
    "stark_proving_time": 4.390193891525269,
    "stark_verify_time": 1.3784529447555542
  },
  "ds1000::case338.py": {
    "name": "ds1000::case338.py",
    "stark_proving_time": 4.418538808822632,
    "stark_verify_time": 1.4226134061813354
  },
  "ds1000::case339.py": {
    "name": "ds1000::case339.py",
    "stark_proving_time": 4.917841291427612,
    "stark_verify_time": 1.381840753555298
  },
  "ds1000::case360.py": {
    "name": "ds1000::case360.py",
    "stark_proving_time": 4.6438703536987305,
    "stark_verify_time": 1.371953797340393
  },
  "ds1000::case369.py": {
    "name": "ds1000::case369.py",
    "stark_proving_time": 4.839362692832947,
    "stark_verify_time": 1.4015161752700807
  },
  "ds1000::case385.py": {
    "name": "ds1000::case385.py",
    "stark_proving_time": 5.043006181716919,
    "stark_verify_time": 1.39572594165802
  },
  "ds1000::case387.py": {
    "name": "ds1000::case387.py",
    "stark_proving_time": 4.7512939929962155,
    "stark_verify_time": 1.3696789026260376
  },
  "ds1000::case388.py": {
    "name": "ds1000::case388.py",
    "stark_proving_time": 4.72874276638031,
    "stark_verify_time": 1.3672805070877074
  },
  "ds1000::case389.py": {
    "name": "ds1000::case389.py",
    "stark_proving_time": 4.908859992027283,
    "stark_verify_time": 1.3757326364517213
  },
  "ds1000::case296": {
    "name": "ds1000::case296.py",
    "stark_proving_time": 4.7356244087219235,
    "stark_verify_time": 1.4101232528686523
  },
  "ds1000::case297": {
    "name": "ds1000::case297.py",
    "stark_proving_time": 4.867451453208924,
    "stark_verify_time": 1.4042558193206787
  },
  "ds1000::case301": {
    "name": "ds1000::case301.py",
    "stark_proving_time": 4.826106333732605,
    "stark_verify_time": 1.4327017545700074
  },
  "ds1000::case302": {
    "name": "ds1000::case302.py",
    "stark_proving_time": 4.8321328401565555,
    "stark_verify_time": 1.4128692388534545
  },
  "ds1000::case303": {
    "name": "ds1000::case303.py",
    "stark_proving_time": 4.704639410972595,
    "stark_verify_time": 1.3664470195770264
  },
  "ds1000::case304": {
    "name": "ds1000::case304.py",
    "stark_proving_time": 4.88744089603424,
    "stark_verify_time": 2.0837210416793823
  },